220,249
212,217,241,246
184,194,195,200,201,203,207,209,210,214,215,218,221,227,237,238,239,243,244,247,250,256,266,267,268,275,281,284,285,623,628
173,280,616,629
211,228,257
278,614,633
171,198,279
165
187,190
170,619
230,259
621,624,632
615
229,258
236,265
159,197,270,271
219,248
145,155,618
152,272
234,263
146,225,254
176,188,191,233,262
226,255
192,213,242,613
160,169,172,174,177,182,193,208,617,620
156,166,277
216,245
232,261
626,627
158,185
148,150,153,163,178,196,206
231,260
151
223,252
149,180
181,186,189,199,282
167,622
224,253
157,164,175
179,183
147,630
161,162,168,202,204,222,251,286,625
240,269
154
273,274
235,264
205,276,283
631
